Workbook

Sheet PRPO
A1: 请购与订单登记 (PR→PO)
A3: PR编号 | B3: 物料 | C3: 数量 | D3: 需求日期 | E3: 供应商 | F3: PO编号 | G3: 单价 | H3: PO金额 | I3: 计划到货 | J3: 实际到货 | K3: 状态
H4: =IF(OR(C4="",G4=""),"",C4*G4)
H5: =IF(OR(C5="",G5=""),"",C5*G5)
H6: =IF(OR(C6="",G6=""),"",C6*G6)
H7: =IF(OR(C7="",G7=""),"",C7*G7)
H8: =IF(OR(C8="",G8=""),"",C8*G8)
H9: =IF(OR(C9="",G9=""),"",C9*G9)
H10: =IF(OR(C10="",G10=""),"",C10*G10)
H11: =IF(OR(C11="",G11=""),"",C11*G11)
H12: =IF(OR(C12="",G12=""),"",C12*G12)
H13: =IF(OR(C13="",G13=""),"",C13*G13)
H14: =IF(OR(C14="",G14=""),"",C14*G14)
H15: =IF(OR(C15="",G15=""),"",C15*G15)
... H43: =IF(OR(C43="",G43=""),"",C43*G43)

Sheet IQC
A1: 收货与检验 (IQC)
A3: PO编号 | B3: 收货日期 | C3: 收货数量 | D3: 合格数量 | E3: 不良率 | F3: IQC结论 | G3: 关联PR
E4: =IF(OR(C4="",C4=0),"",1-D4/C4)
E5: =IF(OR(C5="",C5=0),"",1-D5/C5)
E6: =IF(OR(C6="",C6=0),"",1-D6/C6)
E7: =IF(OR(C7="",C7=0),"",1-D7/C7)
E8: =IF(OR(C8="",C8=0),"",1-D8/C8)
E9: =IF(OR(C9="",C9=0),"",1-D9/C9)
E10: =IF(OR(C10="",C10=0),"",1-D10/C10)
E11: =IF(OR(C11="",C11=0),"",1-D11/C11)
E12: =IF(OR(C12="",C12=0),"",1-D12/C12)
E13: =IF(OR(C13="",C13=0),"",1-D13/C13)
E14: =IF(OR(C14="",C14=0),"",1-D14/C14)
E15: =IF(OR(C15="",C15=0),"",1-D15/C15)
... E43: =IF(OR(C43="",C43=0),"",1-D43/C43)

Sheet 三单匹配
A1: 三单匹配 (PO × 收货 × 发票)
A2: PO金额/单价/应收数量自动从『PRPO』取，收货数量自动从『IQC』取
A3: PO编号 | B3: PO金额 | C3: 单价 | D3: 应收数量 | E3: 收货数量 | F3: 应付基准 | G3: 发票金额 | H3: 差异 | I3: 容差 | J3: 匹配状态 | K3: 付款状态
B4: =IF(A4="","",INDEX(PRPO!$H:$H,MATCH(A4,PRPO!$F:$F,0))) | C4: =IF(A4="","",INDEX(PRPO!$G:$G,MATCH(A4,PRPO!$F:$F,0))) | D4: =IF(A4="","",INDEX(PRPO!$C:$C,MATCH(A4,PRPO!$F:$F,0))) | E4: =IF(A4="","",IFERROR(INDEX(IQC!$C:$C,MATCH(A4,IQC!$A:$A,0)),0)) | F4: =IF(OR(A4="",D4="",C4=""),"",D4*C4) | H4: =IF(OR(G4="",F4=""),"",G4-F4) | I4: 0.01 | J4: =IF(OR(G4="",F4=""),"",IF(ABS(H4)<=I4,"通过","异常"))
B5: =IF(A5="","",INDEX(PRPO!$H:$H,MATCH(A5,PRPO!$F:$F,0))) | C5: =IF(A5="","",INDEX(PRPO!$G:$G,MATCH(A5,PRPO!$F:$F,0))) | D5: =IF(A5="","",INDEX(PRPO!$C:$C,MATCH(A5,PRPO!$F:$F,0))) | E5: =IF(A5="","",IFERROR(INDEX(IQC!$C:$C,MATCH(A5,IQC!$A:$A,0)),0)) | F5: =IF(OR(A5="",D5="",C5=""),"",D5*C5) | H5: =IF(OR(G5="",F5=""),"",G5-F5) | I5: 0.01 | J5: =IF(OR(G5="",F5=""),"",IF(ABS(H5)<=I5,"通过","异常"))
B6: =IF(A6="","",INDEX(PRPO!$H:$H,MATCH(A6,PRPO!$F:$F,0))) | C6: =IF(A6="","",INDEX(PRPO!$G:$G,MATCH(A6,PRPO!$F:$F,0))) | D6: =IF(A6="","",INDEX(PRPO!$C:$C,MATCH(A6,PRPO!$F:$F,0))) | E6: =IF(A6="","",IFERROR(INDEX(IQC!$C:$C,MATCH(A6,IQC!$A:$A,0)),0)) | F6: =IF(OR(A6="",D6="",C6=""),"",D6*C6) | H6: =IF(OR(G6="",F6=""),"",G6-F6) | I6: 0.01 | J6: =IF(OR(G6="",F6=""),"",IF(ABS(H6)<=I6,"通过","异常"))
B7: =IF(A7="","",INDEX(PRPO!$H:$H,MATCH(A7,PRPO!$F:$F,0))) | C7: =IF(A7="","",INDEX(PRPO!$G:$G,MATCH(A7,PRPO!$F:$F,0))) | D7: =IF(A7="","",INDEX(PRPO!$C:$C,MATCH(A7,PRPO!$F:$F,0))) | E7: =IF(A7="","",IFERROR(INDEX(IQC!$C:$C,MATCH(A7,IQC!$A:$A,0)),0)) | F7: =IF(OR(A7="",D7="",C7=""),"",D7*C7) | H7: =IF(OR(G7="",F7=""),"",G7-F7) | I7: 0.01 | J7: =IF(OR(G7="",F7=""),"",IF(ABS(H7)<=I7,"通过","异常"))
B8: =IF(A8="","",INDEX(PRPO!$H:$H,MATCH(A8,PRPO!$F:$F,0))) | C8: =IF(A8="","",INDEX(PRPO!$G:$G,MATCH(A8,PRPO!$F:$F,0))) | D8: =IF(A8="","",INDEX(PRPO!$C:$C,MATCH(A8,PRPO!$F:$F,0))) | E8: =IF(A8="","",IFERROR(INDEX(IQC!$C:$C,MATCH(A8,IQC!$A:$A,0)),0)) | F8: =IF(OR(A8="",D8="",C8=""),"",D8*C8) | H8: =IF(OR(G8="",F8=""),"",G8-F8) | I8: 0.01 | J8: =IF(OR(G8="",F8=""),"",IF(ABS(H8)<=I8,"通过","异常"))
B9: =IF(A9="","",INDEX(PRPO!$H:$H,MATCH(A9,PRPO!$F:$F,0))) | C9: =IF(A9="","",INDEX(PRPO!$G:$G,MATCH(A9,PRPO!$F:$F,0))) | D9: =IF(A9="","",INDEX(PRPO!$C:$C,MATCH(A9,PRPO!$F:$F,0))) | E9: =IF(A9="","",IFERROR(INDEX(IQC!$C:$C,MATCH(A9,IQC!$A:$A,0)),0)) | F9: =IF(OR(A9="",D9="",C9=""),"",D9*C9) | H9: =IF(OR(G9="",F9=""),"",G9-F9) | I9: 0.01 | J9: =IF(OR(G9="",F9=""),"",IF(ABS(H9)<=I9,"通过","异常"))
B10: =IF(A10="","",INDEX(PRPO!$H:$H,MATCH(A10,PRPO!$F:$F,0))) | C10: =IF(A10="","",INDEX(PRPO!$G:$G,MATCH(A10,PRPO!$F:$F,0))) | D10: =IF(A10="","",INDEX(PRPO!$C:$C,MATCH(A10,PRPO!$F:$F,0))) | E10: =IF(A10="","",IFERROR(INDEX(IQC!$C:$C,MATCH(A10,IQC!$A:$A,0)),0)) | F10: =IF(OR(A10="",D10="",C10=""),"",D10*C10) | H10: =IF(OR(G10="",F10=""),"",G10-F10) | I10: 0.01 | J10: =IF(OR(G10="",F10=""),"",IF(ABS(H10)<=I10,"通过","异常"))
B11: =IF(A11="","",INDEX(PRPO!$H:$H,MATCH(A11,PRPO!$F:$F,0))) | C11: =IF(A11="","",INDEX(PRPO!$G:$G,MATCH(A11,PRPO!$F:$F,0))) | D11: =IF(A11="","",INDEX(PRPO!$C:$C,MATCH(A11,PRPO!$F:$F,0))) | E11: =IF(A11="","",IFERROR(INDEX(IQC!$C:$C,MATCH(A11,IQC!$A:$A,0)),0)) | F11: =IF(OR(A11="",D11="",C11=""),"",D11*C11) | H11: =IF(OR(G11="",F11=""),"",G11-F11) | I11: 0.01 | J11: =IF(OR(G11="",F11=""),"",IF(ABS(H11)<=I11,"通过","异常"))
B12: =IF(A12="","",INDEX(PRPO!$H:$H,MATCH(A12,PRPO!$F:$F,0))) | C12: =IF(A12="","",INDEX(PRPO!$G:$G,MATCH(A12,PRPO!$F:$F,0))) | D12: =IF(A12="","",INDEX(PRPO!$C:$C,MATCH(A12,PRPO!$F:$F,0))) | E12: =IF(A12="","",IFERROR(INDEX(IQC!$C:$C,MATCH(A12,IQC!$A:$A,0)),0)) | F12: =IF(OR(A12="",D12="",C12=""),"",D12*C12) | H12: =IF(OR(G12="",F12=""),"",G12-F12) | I12: 0.01 | J12: =IF(OR(G12="",F12=""),"",IF(ABS(H12)<=I12,"通过","异常"))
B13: =IF(A13="","",INDEX(PRPO!$H:$H,MATCH(A13,PRPO!$F:$F,0))) | C13: =IF(A13="","",INDEX(PRPO!$G:$G,MATCH(A13,PRPO!$F:$F,0))) | D13: =IF(A13="","",INDEX(PRPO!$C:$C,MATCH(A13,PRPO!$F:$F,0))) | E13: =IF(A13="","",IFERROR(INDEX(IQC!$C:$C,MATCH(A13,IQC!$A:$A,0)),0)) | F13: =IF(OR(A13="",D13="",C13=""),"",D13*C13) | H13: =IF(OR(G13="",F13=""),"",G13-F13) | I13: 0.01 | J13: =IF(OR(G13="",F13=""),"",IF(ABS(H13)<=I13,"通过","异常"))
B14: =IF(A14="","",INDEX(PRPO!$H:$H,MATCH(A14,PRPO!$F:$F,0))) | C14: =IF(A14="","",INDEX(PRPO!$G:$G,MATCH(A14,PRPO!$F:$F,0))) | D14: =IF(A14="","",INDEX(PRPO!$C:$C,MATCH(A14,PRPO!$F:$F,0))) | E14: =IF(A14="","",IFERROR(INDEX(IQC!$C:$C,MATCH(A14,IQC!$A:$A,0)),0)) | F14: =IF(OR(A14="",D14="",C14=""),"",D14*C14) | H14: =IF(OR(G14="",F14=""),"",G14-F14) | I14: 0.01 | J14: =IF(OR(G14="",F14=""),"",IF(ABS(H14)<=I14,"通过","异常"))
B15: =IF(A15="","",INDEX(PRPO!$H:$H,MATCH(A15,PRPO!$F:$F,0))) | C15: =IF(A15="","",INDEX(PRPO!$G:$G,MATCH(A15,PRPO!$F:$F,0))) | D15: =IF(A15="","",INDEX(PRPO!$C:$C,MATCH(A15,PRPO!$F:$F,0))) | E15: =IF(A15="","",IFERROR(INDEX(IQC!$C:$C,MATCH(A15,IQC!$A:$A,0)),0)) | F15: =IF(OR(A15="",D15="",C15=""),"",D15*C15) | H15: =IF(OR(G15="",F15=""),"",G15-F15) | I15: 0.01 | J15: =IF(OR(G15="",F15=""),"",IF(ABS(H15)<=I15,"通过","异常"))
... B43: =IF(A43="","",INDEX(PRPO!$H:$H,MATCH(A43,PRPO!$F:$F,0))) | C43: =IF(A43="","",INDEX(PRPO!$G:$G,MATCH(A43,PRPO!$F:$F,0))) | D43: =IF(A43="","",INDEX(PRPO!$C:$C,MATCH(A43,PRPO!$F:$F,0))) | E43: =IF(A43="","",IFERROR(INDEX(IQC!$C:$C,MATCH(A43,IQC!$A:$A,0)),0)) | F43: =IF(OR(A43="",D43="",C43=""),"",D43*C43) | H43: =IF(OR(G43="",F43=""),"",G43-F43) | I43: 0.01 | J43: =IF(OR(G43="",F43=""),"",IF(ABS(H43)<=I43,"通过","异常"))
