Workbook

Sheet 风险监控台账
A1: 供应商持续风险监控台账
A2: 监控项共12项（失信/限高/经营异常/行政处罚/股权冻结/裁判文书/破产/环保安监/欠税/劳动仲裁/招投标黑名单/舆情），按供应商×监控项逐行登记
A4: 供应商 | B4: 统一信用代码 | C4: 监控项 | D4: 最近核查日期 | E4: 核查结果 | F4: 信息来源 | G4: 风险等级 | H4: 距今天数 | I4: 需重查(>90天) | J4: 下次核查日期
G5: =IF(E5="","",E5) | H5: =IF(D5="","",TODAY()-D5) | I5: =IF(H5="","",IF(H5>90,"是","否")) | J5: =IF(D5="","",D5+90)
G6: =IF(E6="","",E6) | H6: =IF(D6="","",TODAY()-D6) | I6: =IF(H6="","",IF(H6>90,"是","否")) | J6: =IF(D6="","",D6+90)
G7: =IF(E7="","",E7) | H7: =IF(D7="","",TODAY()-D7) | I7: =IF(H7="","",IF(H7>90,"是","否")) | J7: =IF(D7="","",D7+90)
G8: =IF(E8="","",E8) | H8: =IF(D8="","",TODAY()-D8) | I8: =IF(H8="","",IF(H8>90,"是","否")) | J8: =IF(D8="","",D8+90)
G9: =IF(E9="","",E9) | H9: =IF(D9="","",TODAY()-D9) | I9: =IF(H9="","",IF(H9>90,"是","否")) | J9: =IF(D9="","",D9+90)
G10: =IF(E10="","",E10) | H10: =IF(D10="","",TODAY()-D10) | I10: =IF(H10="","",IF(H10>90,"是","否")) | J10: =IF(D10="","",D10+90)
G11: =IF(E11="","",E11) | H11: =IF(D11="","",TODAY()-D11) | I11: =IF(H11="","",IF(H11>90,"是","否")) | J11: =IF(D11="","",D11+90)
G12: =IF(E12="","",E12) | H12: =IF(D12="","",TODAY()-D12) | I12: =IF(H12="","",IF(H12>90,"是","否")) | J12: =IF(D12="","",D12+90)
G13: =IF(E13="","",E13) | H13: =IF(D13="","",TODAY()-D13) | I13: =IF(H13="","",IF(H13>90,"是","否")) | J13: =IF(D13="","",D13+90)
G14: =IF(E14="","",E14) | H14: =IF(D14="","",TODAY()-D14) | I14: =IF(H14="","",IF(H14>90,"是","否")) | J14: =IF(D14="","",D14+90)
G15: =IF(E15="","",E15) | H15: =IF(D15="","",TODAY()-D15) | I15: =IF(H15="","",IF(H15>90,"是","否")) | J15: =IF(D15="","",D15+90)
G16: =IF(E16="","",E16) | H16: =IF(D16="","",TODAY()-D16) | I16: =IF(H16="","",IF(H16>90,"是","否")) | J16: =IF(D16="","",D16+90)
... G64: =IF(E64="","",E64) | H64: =IF(D64="","",TODAY()-D64) | I64: =IF(H64="","",IF(H64>90,"是","否")) | J64: =IF(D64="","",D64+90)

Sheet 风险汇总看板
A1: 供应商风险汇总看板
A2: 按供应商聚合：高风险项=结果列含'高'的次数；最久未查=距今天数最大值
A4: 供应商 | B4: 高风险项数 | C4: 中风险项数 | D4: 最久未查天数 | E4: 整体状态
B5: =IF($A5="","",COUNTIFS(风险监控台账!$A$5:$A$64,$A5,风险监控台账!$E$5:$E$64,"高")) | C5: =IF($A5="","",COUNTIFS(风险监控台账!$A$5:$A$64,$A5,风险监控台账!$E$5:$E$64,"中")) | D5: =IF($A5="","",MAXIFS(风险监控台账!$H$5:$H$64,风险监控台账!$A$5:$A$64,$A5)) | E5: =IF($A5="","",IF(B5>0,"高风险",IF(C5>0,"中风险","低风险")))
B6: =IF($A6="","",COUNTIFS(风险监控台账!$A$5:$A$64,$A6,风险监控台账!$E$5:$E$64,"高")) | C6: =IF($A6="","",COUNTIFS(风险监控台账!$A$5:$A$64,$A6,风险监控台账!$E$5:$E$64,"中")) | D6: =IF($A6="","",MAXIFS(风险监控台账!$H$5:$H$64,风险监控台账!$A$5:$A$64,$A6)) | E6: =IF($A6="","",IF(B6>0,"高风险",IF(C6>0,"中风险","低风险")))
B7: =IF($A7="","",COUNTIFS(风险监控台账!$A$5:$A$64,$A7,风险监控台账!$E$5:$E$64,"高")) | C7: =IF($A7="","",COUNTIFS(风险监控台账!$A$5:$A$64,$A7,风险监控台账!$E$5:$E$64,"中")) | D7: =IF($A7="","",MAXIFS(风险监控台账!$H$5:$H$64,风险监控台账!$A$5:$A$64,$A7)) | E7: =IF($A7="","",IF(B7>0,"高风险",IF(C7>0,"中风险","低风险")))
B8: =IF($A8="","",COUNTIFS(风险监控台账!$A$5:$A$64,$A8,风险监控台账!$E$5:$E$64,"高")) | C8: =IF($A8="","",COUNTIFS(风险监控台账!$A$5:$A$64,$A8,风险监控台账!$E$5:$E$64,"中")) | D8: =IF($A8="","",MAXIFS(风险监控台账!$H$5:$H$64,风险监控台账!$A$5:$A$64,$A8)) | E8: =IF($A8="","",IF(B8>0,"高风险",IF(C8>0,"中风险","低风险")))
B9: =IF($A9="","",COUNTIFS(风险监控台账!$A$5:$A$64,$A9,风险监控台账!$E$5:$E$64,"高")) | C9: =IF($A9="","",COUNTIFS(风险监控台账!$A$5:$A$64,$A9,风险监控台账!$E$5:$E$64,"中")) | D9: =IF($A9="","",MAXIFS(风险监控台账!$H$5:$H$64,风险监控台账!$A$5:$A$64,$A9)) | E9: =IF($A9="","",IF(B9>0,"高风险",IF(C9>0,"中风险","低风险")))
B10: =IF($A10="","",COUNTIFS(风险监控台账!$A$5:$A$64,$A10,风险监控台账!$E$5:$E$64,"高")) | C10: =IF($A10="","",COUNTIFS(风险监控台账!$A$5:$A$64,$A10,风险监控台账!$E$5:$E$64,"中")) | D10: =IF($A10="","",MAXIFS(风险监控台账!$H$5:$H$64,风险监控台账!$A$5:$A$64,$A10)) | E10: =IF($A10="","",IF(B10>0,"高风险",IF(C10>0,"中风险","低风险")))
B11: =IF($A11="","",COUNTIFS(风险监控台账!$A$5:$A$64,$A11,风险监控台账!$E$5:$E$64,"高")) | C11: =IF($A11="","",COUNTIFS(风险监控台账!$A$5:$A$64,$A11,风险监控台账!$E$5:$E$64,"中")) | D11: =IF($A11="","",MAXIFS(风险监控台账!$H$5:$H$64,风险监控台账!$A$5:$A$64,$A11)) | E11: =IF($A11="","",IF(B11>0,"高风险",IF(C11>0,"中风险","低风险")))
B12: =IF($A12="","",COUNTIFS(风险监控台账!$A$5:$A$64,$A12,风险监控台账!$E$5:$E$64,"高")) | C12: =IF($A12="","",COUNTIFS(风险监控台账!$A$5:$A$64,$A12,风险监控台账!$E$5:$E$64,"中")) | D12: =IF($A12="","",MAXIFS(风险监控台账!$H$5:$H$64,风险监控台账!$A$5:$A$64,$A12)) | E12: =IF($A12="","",IF(B12>0,"高风险",IF(C12>0,"中风险","低风险")))
B13: =IF($A13="","",COUNTIFS(风险监控台账!$A$5:$A$64,$A13,风险监控台账!$E$5:$E$64,"高")) | C13: =IF($A13="","",COUNTIFS(风险监控台账!$A$5:$A$64,$A13,风险监控台账!$E$5:$E$64,"中")) | D13: =IF($A13="","",MAXIFS(风险监控台账!$H$5:$H$64,风险监控台账!$A$5:$A$64,$A13)) | E13: =IF($A13="","",IF(B13>0,"高风险",IF(C13>0,"中风险","低风险")))
B14: =IF($A14="","",COUNTIFS(风险监控台账!$A$5:$A$64,$A14,风险监控台账!$E$5:$E$64,"高")) | C14: =IF($A14="","",COUNTIFS(风险监控台账!$A$5:$A$64,$A14,风险监控台账!$E$5:$E$64,"中")) | D14: =IF($A14="","",MAXIFS(风险监控台账!$H$5:$H$64,风险监控台账!$A$5:$A$64,$A14)) | E14: =IF($A14="","",IF(B14>0,"高风险",IF(C14>0,"中风险","低风险")))
B15: =IF($A15="","",COUNTIFS(风险监控台账!$A$5:$A$64,$A15,风险监控台账!$E$5:$E$64,"高")) | C15: =IF($A15="","",COUNTIFS(风险监控台账!$A$5:$A$64,$A15,风险监控台账!$E$5:$E$64,"中")) | D15: =IF($A15="","",MAXIFS(风险监控台账!$H$5:$H$64,风险监控台账!$A$5:$A$64,$A15)) | E15: =IF($A15="","",IF(B15>0,"高风险",IF(C15>0,"中风险","低风险")))
B16: =IF($A16="","",COUNTIFS(风险监控台账!$A$5:$A$64,$A16,风险监控台账!$E$5:$E$64,"高")) | C16: =IF($A16="","",COUNTIFS(风险监控台账!$A$5:$A$64,$A16,风险监控台账!$E$5:$E$64,"中")) | D16: =IF($A16="","",MAXIFS(风险监控台账!$H$5:$H$64,风险监控台账!$A$5:$A$64,$A16)) | E16: =IF($A16="","",IF(B16>0,"高风险",IF(C16>0,"中风险","低风险")))
... B44: =IF($A44="","",COUNTIFS(风险监控台账!$A$5:$A$64,$A44,风险监控台账!$E$5:$E$64,"高")) | C44: =IF($A44="","",COUNTIFS(风险监控台账!$A$5:$A$64,$A44,风险监控台账!$E$5:$E$64,"中")) | D44: =IF($A44="","",MAXIFS(风险监控台账!$H$5:$H$64,风险监控台账!$A$5:$A$64,$A44)) | E44: =IF($A44="","",IF(B44>0,"高风险",IF(C44>0,"中风险","低风险")))
